Datetime,Open,High,Low,Close,Adj Close,Volume
2023-11-06 11:00:00,357.25,357.5400085449219,356.70001220703125,357.0277099609375,357.0277099609375,144617
2023-11-06 11:15:00,357.0000915527344,357.4800109863281,356.8299865722656,356.8299865722656,356.8299865722656,376379
2023-11-06 11:30:00,356.8399963378906,357.135009765625,356.375,356.5,356.5,662911
2023-11-06 11:45:00,356.489990234375,356.989990234375,356.2300109863281,356.8450012207031,356.8450012207031,403592
2023-11-06 12:00:00,356.79998779296875,356.82000732421875,356.2099914550781,356.2699890136719,356.2699890136719,345165
2023-11-06 12:15:00,356.260009765625,356.5498962402344,356.0199890136719,356.5199890136719,356.5199890136719,474258
2023-11-06 12:30:00,356.489990234375,356.75,355.6700134277344,355.6863098144531,355.6863098144531,539863
2023-11-06 12:45:00,355.67999267578125,355.875,355.2799987792969,355.5400085449219,355.5400085449219,649154
2023-11-06 13:00:00,355.5899963378906,355.5899963378906,354.5799865722656,354.8999938964844,354.8999938964844,576560
2023-11-06 13:15:00,354.8810119628906,355.07000732421875,353.80999755859375,354.57000732421875,354.57000732421875,754670
2023-11-06 13:30:00,354.5299987792969,355.3999938964844,354.3599853515625,355.31988525390625,355.31988525390625,453086
2023-11-06 13:45:00,355.2900085449219,355.8999938964844,354.94000244140625,355.8900146484375,355.8900146484375,432595
2023-11-06 14:00:00,355.9200134277344,356.0,354.7799987792969,354.82000732421875,354.82000732421875,487286
2023-11-06 14:15:00,354.80999755859375,355.45001220703125,354.7799987792969,355.2099914550781,355.2099914550781,337568
2023-11-06 14:30:00,355.1700134277344,355.80999755859375,354.9700012207031,355.6000061035156,355.6000061035156,603473
2023-11-06 14:45:00,355.5899963378906,355.9800109863281,355.4393005371094,355.75,355.75,331647
2023-11-06 15:00:00,355.7699890136719,355.989990234375,355.4800109863281,355.70440673828125,355.70440673828125,430459
2023-11-06 15:15:00,355.7200012207031,355.7900085449219,355.29998779296875,355.57000732421875,355.57000732421875,435663
2023-11-06 15:30:00,355.5799865722656,355.7300109863281,355.0199890136719,355.1300048828125,355.1300048828125,496955
2023-11-06 15:45:00,355.1000061035156,356.6700134277344,355.0799865722656,356.6400146484375,356.6400146484375,1739220
2023-11-07 09:30:00,359.3999938964844,359.75,357.6300048828125,358.37530517578125,358.37530517578125,2569959
2023-11-07 09:45:00,358.3699951171875,359.29998779296875,357.8500061035156,359.2799987792969,359.2799987792969,1246374
2023-11-07 10:00:00,359.2699890136719,359.94000244140625,358.8999938964844,359.1199951171875,359.1199951171875,812154
2023-11-07 10:15:00,359.1199951171875,360.5899963378906,358.739990234375,360.54998779296875,360.54998779296875,1181055
2023-11-07 10:30:00,360.5450134277344,360.7731018066406,359.94500732421875,360.55218505859375,360.55218505859375,713039
2023-11-07 10:45:00,360.5799865722656,362.0799865722656,360.5799865722656,361.44000244140625,361.44000244140625,1307647
2023-11-07 11:00:00,361.43499755859375,361.8699951171875,360.92999267578125,361.760009765625,361.760009765625,568808
2023-11-07 11:15:00,361.739990234375,362.2799987792969,361.44000244140625,362.20001220703125,362.20001220703125,595137
2023-11-07 11:30:00,362.19000244140625,362.3800048828125,361.75,362.0950012207031,362.0950012207031,569123
2023-11-07 11:45:00,362.1099853515625,362.1449890136719,361.3299865722656,361.7349853515625,361.7349853515625,445206
2023-11-07 12:00:00,361.7300109863281,361.7598876953125,360.9599914550781,361.25,361.25,599033
2023-11-07 12:15:00,361.239990234375,361.5199890136719,360.760009765625,361.2049865722656,361.2049865722656,504986
2023-11-07 12:30:00,361.2200012207031,361.8905944824219,360.9100036621094,361.80999755859375,361.80999755859375,431653
2023-11-07 12:45:00,361.8299865722656,361.9700012207031,361.3699951171875,361.6300048828125,361.6300048828125,377494
2023-11-07 13:00:00,361.6199951171875,362.05999755859375,361.4700012207031,362.0199890136719,362.0199890136719,459982
2023-11-07 13:15:00,362.0299987792969,362.4599914550781,361.868896484375,362.0899963378906,362.0899963378906,443757
2023-11-07 13:30:00,362.1000061035156,362.3800048828125,361.9501037597656,362.1925048828125,362.1925048828125,413399
2023-11-07 13:45:00,362.2200012207031,362.3999938964844,362.0400085449219,362.25,362.25,390400
2023-11-07 14:00:00,362.239990234375,362.42999267578125,361.8399963378906,361.8900146484375,361.8900146484375,472219
2023-11-07 14:15:00,361.885009765625,362.25,361.8399963378906,362.1000061035156,362.1000061035156,357839
2023-11-07 14:30:00,362.1000061035156,362.3999938964844,361.7099914550781,361.90631103515625,361.90631103515625,454672
2023-11-07 14:45:00,361.8800048828125,362.0899963378906,361.3699951171875,361.4750061035156,361.4750061035156,356376
2023-11-07 15:00:00,361.4750061035156,361.6600036621094,360.8500061035156,361.1199951171875,361.1199951171875,524231
2023-11-07 15:15:00,361.1224060058594,361.54998779296875,360.7799987792969,361.32000732421875,361.32000732421875,664991
2023-11-07 15:30:00,361.30999755859375,361.8299865722656,361.2300109863281,361.7699890136719,361.7699890136719,686933
2023-11-07 15:45:00,361.7898864746094,361.8900146484375,359.94000244140625,360.5,360.5,2250317
2023-11-08 09:30:00,361.67999267578125,363.8699951171875,361.4049987792969,362.2650146484375,362.2650146484375,3678588
2023-11-08 09:45:00,362.2799987792969,363.05999755859375,362.04998779296875,362.510009765625,362.510009765625,899511
2023-11-08 10:00:00,362.5400085449219,362.6300048828125,360.9179992675781,361.3299865722656,361.3299865722656,1108702
2023-11-08 10:15:00,361.32000732421875,361.82000732421875,360.54998779296875,360.94000244140625,360.94000244140625,960886
2023-11-08 10:30:00,360.9093017578125,361.760009765625,360.589599609375,361.67999267578125,361.67999267578125,736269
2023-11-08 10:45:00,361.6600036621094,362.2099914550781,361.3599853515625,361.635009765625,361.635009765625,530037
2023-11-08 11:00:00,361.6600036621094,362.4200134277344,361.5400085449219,362.29998779296875,362.29998779296875,503509
2023-11-08 11:15:00,362.3699951171875,362.6000061035156,361.6600036621094,362.1199951171875,362.1199951171875,545615
2023-11-08 11:30:00,362.1099853515625,362.6000061035156,361.7900085449219,362.6000061035156,362.6000061035156,474888
2023-11-08 11:45:00,362.5769958496094,362.95001220703125,362.2799987792969,362.3374938964844,362.3374938964844,505447
2023-11-08 12:00:00,362.3399963378906,362.6199951171875,361.2900085449219,361.855712890625,361.855712890625,620829
2023-11-08 12:15:00,361.79998779296875,362.25,361.6099853515625,362.0849914550781,362.0849914550781,452350
2023-11-08 12:30:00,362.0899963378906,362.5,361.7200012207031,362.3699951171875,362.3699951171875,321331
2023-11-08 12:45:00,362.3800048828125,362.4700012207031,361.94000244140625,362.260009765625,362.260009765625,237444
2023-11-08 13:00:00,362.260009765625,362.8900146484375,362.09100341796875,362.80499267578125,362.80499267578125,505469
2023-11-08 13:15:00,362.79998779296875,363.0,362.3599853515625,362.9700012207031,362.9700012207031,374732
2023-11-08 13:30:00,362.9949951171875,363.2300109863281,362.7900085449219,363.0899963378906,363.0899963378906,358927
2023-11-08 13:45:00,363.1099853515625,363.1449890136719,362.6099853515625,362.80999755859375,362.80999755859375,263817
2023-11-08 14:00:00,362.82000732421875,363.30999755859375,362.6199951171875,363.0899963378906,363.0899963378906,351643
2023-11-08 14:15:00,363.1000061035156,363.2900085449219,362.95831298828125,363.19000244140625,363.19000244140625,245808
2023-11-08 14:30:00,363.19000244140625,363.239990234375,362.5350036621094,362.8399963378906,362.8399963378906,633315
2023-11-08 14:45:00,362.82000732421875,362.8999938964844,361.8999938964844,361.9700012207031,361.9700012207031,1672942
2023-11-08 15:00:00,361.9800109863281,362.2900085449219,361.95001220703125,362.1400146484375,362.1400146484375,528580
2023-11-08 15:15:00,362.1400146484375,362.260009765625,361.47100830078125,361.5400085449219,361.5400085449219,641359
2023-11-08 15:30:00,361.54998779296875,362.55999755859375,361.3900146484375,362.4179992675781,362.4179992675781,1157449
2023-11-08 15:45:00,362.3999938964844,363.3399963378906,362.25,363.2300109863281,363.2300109863281,1613555
2023-11-09 09:30:00,362.29998779296875,363.3500061035156,361.6300048828125,362.9198913574219,362.9198913574219,3288030
2023-11-09 09:45:00,362.8999938964844,363.6099853515625,362.45001220703125,363.3500061035156,363.3500061035156,908859
2023-11-09 10:00:00,363.3699951171875,363.54998779296875,361.5400085449219,362.5091857910156,362.5091857910156,953767
2023-11-09 10:15:00,362.510009765625,362.6098937988281,361.4100036621094,361.44500732421875,361.44500732421875,560415
2023-11-09 10:30:00,361.4100036621094,362.5,361.3299865722656,362.4700012207031,362.4700012207031,573332
2023-11-09 10:45:00,362.45001220703125,362.69000244140625,362.0899963378906,362.57000732421875,362.57000732421875,488926
2023-11-09 11:00:00,362.57501220703125,363.5,362.5199890136719,363.38128662109375,363.38128662109375,527753
2023-11-09 11:15:00,363.38848876953125,363.69000244140625,363.0504150390625,363.2799072265625,363.2799072265625,450459
2023-11-09 11:30:00,363.260009765625,363.8599853515625,363.0527038574219,363.7637939453125,363.7637939453125,447314
2023-11-09 11:45:00,363.7749938964844,364.7900085449219,363.7449951171875,364.20001220703125,364.20001220703125,910868
2023-11-09 12:00:00,364.239990234375,364.239990234375,363.56280517578125,363.760009765625,363.760009765625,457696
2023-11-09 12:15:00,363.75,363.8999938964844,363.1400146484375,363.8599853515625,363.8599853515625,446474
2023-11-09 12:30:00,363.8399963378906,364.2200012207031,363.1000061035156,363.20001220703125,363.20001220703125,434264
2023-11-09 12:45:00,363.2099914550781,363.68121337890625,363.12890625,363.510009765625,363.510009765625,386824
2023-11-09 13:00:00,363.4576110839844,363.5400085449219,361.1099853515625,362.2749938964844,362.2749938964844,883251
2023-11-09 13:15:00,362.25,363.3500061035156,361.864990234375,363.010009765625,363.010009765625,458228
2023-11-09 13:30:00,363.0098876953125,363.6099853515625,362.4017028808594,362.54998779296875,362.54998779296875,439190
2023-11-09 13:45:00,362.5799865722656,363.20001220703125,362.4840087890625,362.9220886230469,362.9220886230469,344321
2023-11-09 14:00:00,362.8800048828125,362.8800048828125,361.5799865722656,361.8500061035156,361.8500061035156,608476
2023-11-09 14:15:00,361.8699951171875,362.5299987792969,361.2099914550781,362.25,362.25,508873
2023-11-09 14:30:00,362.2200012207031,362.5299987792969,361.19000244140625,361.4100036621094,361.4100036621094,430161
2023-11-09 14:45:00,361.4100036621094,361.9866943359375,361.1099853515625,361.239990234375,361.239990234375,422171
2023-11-09 15:00:00,361.20001220703125,361.8500061035156,360.67999267578125,361.55999755859375,361.55999755859375,540022
2023-11-09 15:15:00,361.5400085449219,361.760009765625,361.17999267578125,361.2200012207031,361.2200012207031,410574
2023-11-09 15:30:00,361.2200012207031,361.4700012207031,360.8200988769531,360.92999267578125,360.92999267578125,491239
2023-11-09 15:45:00,360.92999267578125,361.2900085449219,360.36199951171875,360.7699890136719,360.7699890136719,1588831
2023-11-10 09:30:00,361.2200012207031,364.0,361.07000732421875,363.885009765625,363.885009765625,2569131
2023-11-10 09:45:00,363.9100036621094,364.30999755859375,363.440185546875,363.9200134277344,363.9200134277344,881971
2023-11-10 10:00:00,363.8900146484375,364.6000061035156,363.0899963378906,364.3301086425781,364.3301086425781,855360
2023-11-10 10:15:00,364.3599853515625,364.489990234375,363.6000061035156,363.7799987792969,363.7799987792969,652840
2023-11-10 10:30:00,363.82000732421875,364.75,363.68499755859375,364.69000244140625,364.69000244140625,593179
2023-11-10 10:45:00,364.70001220703125,365.2099914550781,364.239990234375,365.15008544921875,365.15008544921875,741179
2023-11-10 11:00:00,365.19000244140625,367.1300048828125,365.19000244140625,366.9845886230469,366.9845886230469,1327743
2023-11-10 11:15:00,367.0199890136719,367.3797912597656,366.5199890136719,366.7850036621094,366.7850036621094,943237
2023-11-10 11:30:00,366.79998779296875,367.0,366.07501220703125,366.95001220703125,366.95001220703125,580519
2023-11-10 11:45:00,366.9518127441406,367.1300048828125,366.6600036621094,366.9599914550781,366.9599914550781,486585
2023-11-10 12:00:00,366.9750061035156,367.95001220703125,366.8500061035156,367.6300048828125,367.6300048828125,697419
2023-11-10 12:15:00,367.6400146484375,368.0899963378906,367.28399658203125,367.30999755859375,367.30999755859375,543314
2023-11-10 12:30:00,367.3800048828125,368.7699890136719,367.34698486328125,368.57000732421875,368.57000732421875,673835
2023-11-10 12:45:00,368.57000732421875,368.79998779296875,368.1600036621094,368.21160888671875,368.21160888671875,424220
2023-11-10 13:00:00,368.2300109863281,368.32000732421875,367.5,367.6700134277344,367.6700134277344,412151
2023-11-10 13:15:00,367.6499938964844,368.70001220703125,367.54998779296875,368.4200134277344,368.4200134277344,495268
2023-11-10 13:30:00,368.4599914550781,369.3699951171875,368.4599914550781,369.2850036621094,369.2850036621094,616742
2023-11-10 13:45:00,369.2699890136719,369.3299865722656,368.968505859375,369.1400146484375,369.1400146484375,453403
2023-11-10 14:00:00,369.1300048828125,369.3500061035156,368.82000732421875,369.17999267578125,369.17999267578125,490662
2023-11-10 14:15:00,369.1600036621094,369.32000732421875,368.989990234375,369.1883850097656,369.1883850097656,439815
2023-11-10 14:30:00,369.2300109863281,369.5299987792969,368.8299865722656,369.19000244140625,369.19000244140625,630470
2023-11-10 14:45:00,369.19000244140625,369.45001220703125,368.80999755859375,368.8399963378906,368.8399963378906,536187
2023-11-10 15:00:00,368.80999755859375,369.1199951171875,368.7099914550781,368.8550109863281,368.8550109863281,464470
2023-11-10 15:15:00,368.8500061035156,369.4599914550781,368.6600036621094,369.3599853515625,369.3599853515625,661643
2023-11-10 15:30:00,369.3500061035156,369.6700134277344,369.1099853515625,369.6499938964844,369.6499938964844,896361
2023-11-10 15:45:00,369.6600036621094,370.1000061035156,369.3299865722656,369.5199890136719,369.5199890136719,2321357
2023-11-13 09:30:00,368.2200012207031,368.4700012207031,366.45001220703125,366.5899963378906,366.5899963378906,2339316
2023-11-13 09:45:00,366.5736083984375,367.1199951171875,365.8999938964844,366.5299987792969,366.5299987792969,1125555
2023-11-13 10:00:00,366.5899963378906,367.1600036621094,366.3399963378906,366.8345031738281,366.8345031738281,971375
2023-11-13 10:15:00,366.79998779296875,367.0899963378906,366.1099853515625,366.5,366.5,859595
2023-11-13 10:30:00,366.4700012207031,367.7650146484375,366.3500061035156,367.4700012207031,367.4700012207031,862765
2023-11-13 10:45:00,367.42999267578125,368.0400085449219,367.2099914550781,367.760009765625,367.760009765625,682968
2023-11-13 11:00:00,367.7585144042969,368.3599853515625,367.510009765625,368.20001220703125,368.20001220703125,567774
2023-11-13 11:15:00,368.20001220703125,368.2699890136719,367.6300964355469,368.0,368.0,532146
2023-11-13 11:30:00,367.9700012207031,368.20001220703125,367.57000732421875,367.79998779296875,367.79998779296875,734979
2023-11-13 11:45:00,367.739990234375,368.05999755859375,367.2300109863281,367.3706970214844,367.3706970214844,435397
2023-11-13 12:00:00,367.42498779296875,367.8599853515625,367.0799865722656,367.2950134277344,367.2950134277344,482432
2023-11-13 12:15:00,367.2799987792969,367.5199890136719,366.92999267578125,367.3597106933594,367.3597106933594,434895
2023-11-13 12:30:00,367.36981201171875,367.5400085449219,367.0895080566406,367.30999755859375,367.30999755859375,292803
2023-11-13 12:45:00,367.2998962402344,367.6650085449219,367.0,367.5649108886719,367.5649108886719,203651
2023-11-13 13:00:00,367.57000732421875,367.57000732421875,367.0932922363281,367.3999938964844,367.3999938964844,243502
2023-11-13 13:15:00,367.3999938964844,367.5299987792969,366.989990234375,367.18218994140625,367.18218994140625,320255
2023-11-13 13:30:00,367.2099914550781,368.0,366.9237976074219,367.885009765625,367.885009765625,337547
2023-11-13 13:45:00,367.875,368.010009765625,367.3999938964844,367.4599914550781,367.4599914550781,307999
2023-11-13 14:00:00,367.45001220703125,367.7200012207031,367.29998779296875,367.6700134277344,367.6700134277344,301641
2023-11-13 14:15:00,367.6700134277344,367.82501220703125,367.45001220703125,367.5199890136719,367.5199890136719,434158
2023-11-13 14:30:00,367.5299987792969,367.6300048828125,367.1099853515625,367.5299987792969,367.5299987792969,456617
2023-11-13 14:45:00,367.54998779296875,367.6000061035156,367.17999267578125,367.45001220703125,367.45001220703125,405695
2023-11-13 15:00:00,367.4700012207031,367.4800109863281,367.1600036621094,367.29998779296875,367.29998779296875,473162
2023-11-13 15:15:00,367.2900085449219,367.6400146484375,366.6700134277344,366.69000244140625,366.69000244140625,915851
2023-11-13 15:30:00,366.70001220703125,366.95001220703125,366.3699951171875,366.7099914550781,366.7099914550781,751609
2023-11-13 15:45:00,366.739990234375,367.1158142089844,366.29998779296875,366.6600036621094,366.6600036621094,1613532
2023-11-14 09:30:00,371.010009765625,371.67999267578125,369.32000732421875,371.2200012207031,371.2200012207031,3101486
2023-11-14 09:45:00,371.2049865722656,371.45001220703125,370.3017883300781,370.8999938964844,370.8999938964844,1172597
2023-11-14 10:00:00,370.9200134277344,371.95001220703125,370.7300109863281,371.0199890136719,371.0199890136719,1130257
2023-11-14 10:15:00,370.9849853515625,371.3999938964844,370.30999755859375,371.1000061035156,371.1000061035156,803173
2023-11-14 10:30:00,371.1400146484375,371.8500061035156,371.135009765625,371.57000732421875,371.57000732421875,632205
2023-11-14 10:45:00,371.5799865722656,371.8900146484375,370.4599914550781,370.75,370.75,605115
2023-11-14 11:00:00,370.739990234375,371.639892578125,370.6199951171875,371.4866027832031,371.4866027832031,505528
2023-11-14 11:15:00,371.4800109863281,371.5199890136719,370.6600036621094,370.7900085449219,370.7900085449219,409818
2023-11-14 11:30:00,370.8399963378906,370.95001220703125,370.260009765625,370.6499938964844,370.6499938964844,482863
2023-11-14 11:45:00,370.6099853515625,370.88958740234375,368.6099853515625,368.69000244140625,368.69000244140625,1283345
2023-11-14 12:00:00,368.69000244140625,369.510009765625,368.4599914550781,369.0199890136719,369.0199890136719,1064876
2023-11-14 12:15:00,368.989990234375,369.8999938964844,368.9649963378906,369.2900085449219,369.2900085449219,466116
2023-11-14 12:30:00,369.30999755859375,369.7300109863281,369.05999755859375,369.67498779296875,369.67498779296875,421830
2023-11-14 12:45:00,369.6700134277344,370.0400085449219,369.5350036621094,369.8999938964844,369.8999938964844,497452
2023-11-14 13:00:00,369.9100036621094,370.34991455078125,369.760009765625,370.0,370.0,389668
2023-11-14 13:15:00,370.0299987792969,370.3599853515625,370.0201110839844,370.239990234375,370.239990234375,342368
2023-11-14 13:30:00,370.2699890136719,370.4700012207031,368.9700012207031,369.05999755859375,369.05999755859375,559621
2023-11-14 13:45:00,369.04998779296875,369.260009765625,368.3800048828125,368.3900146484375,368.3900146484375,758599
2023-11-14 14:00:00,368.39990234375,368.54998779296875,367.34539794921875,368.5,368.5,1077613
2023-11-14 14:15:00,368.4800109863281,369.2300109863281,368.41009521484375,369.1300048828125,369.1300048828125,529763
2023-11-14 14:30:00,369.17999267578125,369.6199035644531,369.17999267578125,369.3500061035156,369.3500061035156,495377
2023-11-14 14:45:00,369.3399963378906,370.3599853515625,369.29998779296875,370.2749938964844,370.2749938964844,642611
2023-11-14 15:00:00,370.260009765625,371.0199890136719,370.0899963378906,370.9898986816406,370.9898986816406,777349
2023-11-14 15:15:00,370.9700012207031,371.0299987792969,370.5400085449219,370.8599853515625,370.8599853515625,901049
2023-11-14 15:30:00,370.8599853515625,371.1700134277344,370.75,371.1600036621094,371.1600036621094,1031758
2023-11-14 15:45:00,371.1499938964844,371.3299865722656,369.70001220703125,370.32000732421875,370.32000732421875,2224545
2023-11-15 09:30:00,371.2799987792969,373.1300048828125,370.3500061035156,371.135009765625,371.135009765625,2583436
2023-11-15 09:45:00,371.1199951171875,371.6000061035156,369.6199951171875,370.4100036621094,370.4100036621094,1201016
2023-11-15 10:00:00,370.3800048828125,370.760009765625,370.0,370.3299865722656,370.3299865722656,701320
2023-11-15 10:15:00,370.32501220703125,371.5299987792969,370.17999267578125,370.5050048828125,370.5050048828125,636663
2023-11-15 10:30:00,370.5224914550781,370.6000061035156,369.0400085449219,369.70001220703125,369.70001220703125,865343
2023-11-15 10:45:00,369.7300109863281,370.4599914550781,369.30999755859375,369.6000061035156,369.6000061035156,717450
2023-11-15 11:00:00,369.6400146484375,370.1499938964844,368.4200134277344,369.75,369.75,1217781
2023-11-15 11:15:00,369.7799987792969,370.4800109863281,369.70001220703125,370.2900085449219,370.2900085449219,724362
2023-11-15 11:30:00,370.30999755859375,370.489990234375,369.70098876953125,370.0299987792969,370.0299987792969,510181
2023-11-15 11:45:00,370.05999755859375,371.0400085449219,369.0400085449219,369.30999755859375,369.30999755859375,813708
2023-11-15 12:00:00,369.29998779296875,369.6700134277344,368.8999938964844,369.114990234375,369.114990234375,585894
2023-11-15 12:15:00,369.1300048828125,369.44000244140625,368.70001220703125,369.2900085449219,369.2900085449219,466804
2023-11-15 12:30:00,369.29998779296875,369.3299865722656,368.29998779296875,368.30999755859375,368.30999755859375,587929
2023-11-15 12:45:00,368.30999755859375,368.7699890136719,368.04998779296875,368.1099853515625,368.1099853515625,501988
2023-11-15 13:00:00,368.1000061035156,368.2300109863281,367.2900085449219,367.489990234375,367.489990234375,762654
2023-11-15 13:15:00,367.5,368.6781921386719,367.1099853515625,368.6781921386719,368.6781921386719,713649
2023-11-15 13:30:00,368.6499938964844,369.44000244140625,368.3699951171875,369.3999938964844,369.3999938964844,542360
2023-11-15 13:45:00,369.42999267578125,370.0,369.2699890136719,369.7699890136719,369.7699890136719,1015415
2023-11-15 14:00:00,369.7699890136719,370.2450866699219,369.6600036621094,370.0,370.0,1317643
2023-11-15 14:15:00,370.0199890136719,370.3013916015625,369.1000061035156,370.2915954589844,370.2915954589844,530738
2023-11-15 14:30:00,370.29998779296875,370.3800048828125,369.57000732421875,369.67999267578125,369.67999267578125,619746
2023-11-15 14:45:00,369.75,370.010009765625,369.3699951171875,369.9800109863281,369.9800109863281,384273
2023-11-15 15:00:00,369.95001220703125,370.3699951171875,369.6499938964844,370.05999755859375,370.05999755859375,511679
2023-11-15 15:15:00,370.04998779296875,370.1523132324219,369.57000732421875,369.8682861328125,369.8682861328125,488944
2023-11-15 15:30:00,369.8999938964844,370.239990234375,369.7699890136719,369.94500732421875,369.94500732421875,687305
2023-11-15 15:45:00,369.9599914550781,370.07000732421875,369.2200012207031,369.6499938964844,369.6499938964844,2252250
2023-11-16 09:30:00,371.3399963378906,373.510009765625,370.8800048828125,373.3599853515625,373.3599853515625,3029718
2023-11-16 09:45:00,373.3900146484375,376.07000732421875,373.3446044921875,375.3949890136719,375.3949890136719,2205037
2023-11-16 10:00:00,375.40850830078125,376.010009765625,374.82000732421875,375.05999755859375,375.05999755859375,1298795
2023-11-16 10:15:00,375.0899963378906,375.5390930175781,374.3900146484375,374.94000244140625,374.94000244140625,933118
2023-11-16 10:30:00,374.9800109863281,375.260009765625,373.2699890136719,373.6000061035156,373.6000061035156,1107071
2023-11-16 10:45:00,373.6650085449219,374.45001220703125,373.260009765625,373.6199951171875,373.6199951171875,810994
2023-11-16 11:00:00,373.6499938964844,373.6499938964844,372.45001220703125,373.21319580078125,373.21319580078125,826443
2023-11-16 11:15:00,373.19000244140625,373.4100036621094,372.4100036621094,372.9862060546875,372.9862060546875,556453
2023-11-16 11:30:00,373.0,373.4800109863281,372.5400085449219,373.4700012207031,373.4700012207031,659924
2023-11-16 11:45:00,373.489990234375,374.1899108886719,373.4800109863281,373.9700012207031,373.9700012207031,447832
2023-11-16 12:00:00,374.0299987792969,374.8599853515625,373.9200134277344,374.565185546875,374.565185546875,566968
2023-11-16 12:15:00,374.55499267578125,375.2585144042969,374.3800048828125,375.07000732421875,375.07000732421875,799568
2023-11-16 12:30:00,375.04998779296875,375.5799865722656,374.80999755859375,375.40008544921875,375.40008544921875,525066
2023-11-16 12:45:00,375.4100036621094,375.489990234375,374.93499755859375,375.1700134277344,375.1700134277344,450773
2023-11-16 13:00:00,375.18499755859375,375.5400085449219,374.8800048828125,375.07000732421875,375.07000732421875,451911
2023-11-16 13:15:00,375.07000732421875,375.9100036621094,374.82501220703125,375.8999938964844,375.8999938964844,606377
2023-11-16 13:30:00,375.8999938964844,376.29998779296875,375.6099853515625,375.7799987792969,375.7799987792969,571780
2023-11-16 13:45:00,375.760009765625,375.8299865722656,375.17999267578125,375.489990234375,375.489990234375,398415
2023-11-16 14:00:00,375.4700012207031,376.20001220703125,375.37091064453125,375.94000244140625,375.94000244140625,472522
2023-11-16 14:15:00,375.94000244140625,376.04998779296875,375.0450134277344,375.1300048828125,375.1300048828125,606103
2023-11-16 14:30:00,375.1400146484375,375.92999267578125,375.1099853515625,375.8999938964844,375.8999938964844,470337
2023-11-16 14:45:00,375.9027099609375,376.127197265625,375.3999938964844,375.8299865722656,375.8299865722656,480369
2023-11-16 15:00:00,375.82000732421875,375.9599914550781,375.4530944824219,375.4700012207031,375.4700012207031,419710
2023-11-16 15:15:00,375.4800109863281,375.6700134277344,375.2101135253906,375.5899963378906,375.5899963378906,457909
2023-11-16 15:30:00,375.6199951171875,376.1099853515625,375.3299865722656,375.54998779296875,375.54998779296875,955397
2023-11-16 15:45:00,375.5400085449219,376.3500061035156,375.4599914550781,376.2099914550781,376.2099914550781,2148310
2023-11-17 09:30:00,373.6099853515625,374.3699951171875,371.1499938964844,371.3500061035156,371.3500061035156,4874025
2023-11-17 09:45:00,371.3450012207031,372.1099853515625,370.4435119628906,371.57000732421875,371.57000732421875,1680382
2023-11-17 10:00:00,371.54998779296875,371.69000244140625,370.79998779296875,370.9800109863281,370.9800109863281,991556
2023-11-17 10:15:00,370.9800109863281,371.8760070800781,370.5799865722656,371.4599914550781,371.4599914550781,1157472
2023-11-17 10:30:00,371.42999267578125,371.44500732421875,370.5299987792969,370.6099853515625,370.6099853515625,823209
2023-11-17 10:45:00,370.6099853515625,370.823486328125,369.9700012207031,370.2959899902344,370.2959899902344,967736
2023-11-17 11:00:00,370.3500061035156,370.489990234375,369.2099914550781,370.2192077636719,370.2192077636719,1066162
2023-11-17 11:15:00,370.2200012207031,371.010009765625,369.69000244140625,370.9259033203125,370.9259033203125,697458
2023-11-17 11:30:00,370.92999267578125,371.19000244140625,370.5,371.1499938964844,371.1499938964844,600297
2023-11-17 11:45:00,371.1549987792969,372.04998779296875,370.94000244140625,372.04278564453125,372.04278564453125,767348
2023-11-17 12:00:00,372.0187072753906,372.6499938964844,371.8699951171875,372.3900146484375,372.3900146484375,809617
2023-11-17 12:15:00,372.3949890136719,372.4100036621094,371.2699890136719,371.80999755859375,371.80999755859375,599730
2023-11-17 12:30:00,371.79998779296875,372.08221435546875,371.7099914550781,372.010009765625,372.010009765625,364501
2023-11-17 12:45:00,372.0050048828125,372.04998779296875,371.6600036621094,371.8800048828125,371.8800048828125,365498
2023-11-17 13:00:00,371.8999938964844,372.3800048828125,371.7699890136719,372.34991455078125,372.34991455078125,427857
2023-11-17 13:15:00,372.3299865722656,372.4800109863281,372.05999755859375,372.2449951171875,372.2449951171875,377038
2023-11-17 13:30:00,372.260009765625,372.79998779296875,372.2398986816406,372.5,372.5,436701
2023-11-17 13:45:00,372.5,372.510009765625,371.8599853515625,372.239990234375,372.239990234375,410793
2023-11-17 14:00:00,372.2250061035156,373.2799987792969,372.2200012207031,373.1000061035156,373.1000061035156,524091
2023-11-17 14:15:00,373.125,373.3999938964844,372.6050109863281,372.6600036621094,372.6600036621094,489416
2023-11-17 14:30:00,372.69000244140625,372.7799987792969,372.260009765625,372.3457946777344,372.3457946777344,574773
2023-11-17 14:45:00,372.3399963378906,372.6499938964844,372.0899963378906,372.6499938964844,372.6499938964844,423065
2023-11-17 15:00:00,372.6499938964844,372.8399963378906,372.3299865722656,372.7099914550781,372.7099914550781,509501
2023-11-17 15:15:00,372.70001220703125,373.19000244140625,371.3299865722656,371.5799865722656,371.5799865722656,1128076
2023-11-17 15:30:00,371.57000732421875,371.7099914550781,367.0,368.3299865722656,368.3299865722656,5431251
2023-11-17 15:45:00,368.3399963378906,370.3699951171875,367.30010986328125,369.9200134277344,369.9200134277344,6264085
2023-11-20 09:30:00,371.2200012207031,377.1000061035156,371.0,374.3599853515625,374.3599853515625,12907170
2023-11-20 09:45:00,374.3601989746094,375.8999938964844,373.4599914550781,375.5150146484375,375.5150146484375,3026697
2023-11-20 10:00:00,375.5249938964844,375.6499938964844,372.35009765625,372.5199890136719,372.5199890136719,1859546
2023-11-20 10:15:00,372.5599060058594,373.25,371.79998779296875,372.9336853027344,372.9336853027344,1602081
2023-11-20 10:30:00,372.9599914550781,375.6199951171875,372.2699890136719,372.8999938964844,372.8999938964844,1178985
2023-11-20 10:45:00,372.9150085449219,374.6600036621094,372.70001220703125,374.44500732421875,374.44500732421875,1274247
2023-11-20 11:00:00,374.5,374.95941162109375,374.0899963378906,374.3500061035156,374.3500061035156,1044921
2023-11-20 11:15:00,374.35101318359375,375.5899963378906,374.260009765625,375.3399963378906,375.3399963378906,1035655
2023-11-20 11:30:00,375.3500061035156,376.69000244140625,375.3196105957031,376.2300109863281,376.2300109863281,1370469
2023-11-20 11:45:00,376.23419189453125,376.23419189453125,374.9700012207031,375.90679931640625,375.90679931640625,1061930
2023-11-20 12:00:00,375.9200134277344,377.0199890136719,375.5799865722656,376.8399963378906,376.8399963378906,1314459
2023-11-20 12:15:00,376.875,377.0,376.0899963378906,376.7099914550781,376.7099914550781,824090
2023-11-20 12:30:00,376.7200012207031,377.5299987792969,376.635009765625,377.17999267578125,377.17999267578125,1095700
2023-11-20 12:45:00,377.17498779296875,377.2900085449219,376.3500061035156,376.760009765625,376.760009765625,828960
2023-11-20 13:00:00,376.7900085449219,378.2499084472656,376.54998779296875,378.1400146484375,378.1400146484375,1485899
2023-11-20 13:15:00,378.1700134277344,378.80999755859375,377.760009765625,378.5400085449219,378.5400085449219,1238780
2023-11-20 13:30:00,378.5400085449219,378.760009765625,378.1199951171875,378.1600036621094,378.1600036621094,797525
2023-11-20 13:45:00,378.1300048828125,378.19000244140625,377.6400146484375,377.7300109863281,377.7300109863281,685794
2023-11-20 14:00:00,377.739990234375,378.1000061035156,376.8800964355469,376.9894104003906,376.9894104003906,1075392
2023-11-20 14:15:00,376.9700012207031,377.89990234375,376.8772888183594,377.6499938964844,377.6499938964844,826154
2023-11-20 14:30:00,377.67999267578125,378.1000061035156,377.4599914550781,378.0400085449219,378.0400085449219,636997
2023-11-20 14:45:00,378.0400085449219,378.8699951171875,378.0400085449219,378.4237060546875,378.4237060546875,955783
2023-11-20 15:00:00,378.4200134277344,378.8299865722656,378.2699890136719,378.5,378.5,800369
2023-11-20 15:15:00,378.510009765625,378.5299072265625,377.92999267578125,377.9700012207031,377.9700012207031,1393744
2023-11-20 15:30:00,377.9700012207031,378.22039794921875,377.7799987792969,377.82000732421875,377.82000732421875,2098296
2023-11-20 15:45:00,377.82000732421875,378.04998779296875,377.20001220703125,377.6099853515625,377.6099853515625,2711910
2023-11-21 09:30:00,374.30999755859375,376.22149658203125,373.54998779296875,376.0,376.0,3888197
2023-11-21 09:45:00,376.0150146484375,376.07000732421875,374.8999938964844,375.0150146484375,375.0150146484375,1254942
2023-11-21 10:00:00,375.010009765625,375.25,373.8500061035156,374.0799865722656,374.0799865722656,1015927
2023-11-21 10:15:00,374.085205078125,374.2200012207031,371.4800109863281,371.739990234375,371.739990234375,1585163
2023-11-21 10:30:00,371.75,372.30780029296875,371.1199951171875,371.8599853515625,371.8599853515625,1162034
2023-11-21 10:45:00,371.8399963378906,372.70001220703125,371.7200012207031,372.24530029296875,372.24530029296875,920665
2023-11-21 11:00:00,372.2449951171875,372.4800109863281,371.2200012207031,371.989990234375,371.989990234375,791242
2023-11-21 11:15:00,371.9809875488281,372.3500061035156,371.6600036621094,372.05999755859375,372.05999755859375,563961
2023-11-21 11:30:00,372.0299987792969,372.1099853515625,371.4119873046875,371.82501220703125,371.82501220703125,611833
2023-11-21 11:45:00,371.8399963378906,372.5299987792969,371.82000732421875,372.4400939941406,372.4400939941406,492123
2023-11-21 12:00:00,372.4700012207031,372.489990234375,371.6400146484375,372.4700012207031,372.4700012207031,664410
2023-11-21 12:15:00,372.4800109863281,373.1610107421875,372.45001220703125,373.1050109863281,373.1050109863281,620105
2023-11-21 12:30:00,373.1099853515625,373.5299987792969,372.460205078125,372.8699951171875,372.8699951171875,852031
2023-11-21 12:45:00,372.8900146484375,373.0249938964844,372.3039855957031,372.5799865722656,372.5799865722656,800238
2023-11-21 13:00:00,372.5799865722656,372.5799865722656,371.4200134277344,371.6499938964844,371.6499938964844,935181
2023-11-21 13:15:00,371.6400146484375,371.8299865722656,371.1400146484375,371.69000244140625,371.69000244140625,727252
2023-11-21 13:30:00,371.70001220703125,372.1400146484375,371.5799865722656,372.0799865722656,372.0799865722656,469159
2023-11-21 13:45:00,372.0917053222656,372.57989501953125,372.010009765625,372.1348876953125,372.1348876953125,382917
2023-11-21 14:00:00,372.1400146484375,372.6300048828125,371.7200012207031,372.60809326171875,372.60809326171875,521445
2023-11-21 14:15:00,372.6499938964844,372.94989013671875,372.16009521484375,372.2699890136719,372.2699890136719,327134
2023-11-21 14:30:00,372.30499267578125,372.6549987792969,372.1700134277344,372.6300048828125,372.6300048828125,346665
2023-11-21 14:45:00,372.6400146484375,373.0,372.45001220703125,372.55999755859375,372.55999755859375,544027
2023-11-21 15:00:00,372.55999755859375,373.1099853515625,372.3945007324219,372.4414978027344,372.4414978027344,581331
2023-11-21 15:15:00,372.44000244140625,372.7099914550781,372.39990234375,372.45001220703125,372.45001220703125,512462
2023-11-21 15:30:00,372.45001220703125,372.6687927246094,372.2381896972656,372.5360107421875,372.5360107421875,692949
2023-11-21 15:45:00,372.5450134277344,373.25,372.489990234375,373.07000732421875,373.07000732421875,1786566
2023-11-22 09:30:00,378.0,379.7898864746094,377.5199890136719,378.7300109863281,378.7300109863281,4225042
2023-11-22 09:45:00,378.7799987792969,379.25,376.30999755859375,376.989990234375,376.989990234375,1673988
2023-11-22 10:00:00,376.9700012207031,377.1499938964844,375.2900085449219,375.3500061035156,375.3500061035156,1469032
2023-11-22 10:15:00,375.3500061035156,377.3999938964844,374.9649963378906,376.95001220703125,376.95001220703125,1059482
2023-11-22 10:30:00,376.9700012207031,378.3500061035156,376.95001220703125,378.0259094238281,378.0259094238281,931022
2023-11-22 10:45:00,378.0400085449219,378.239990234375,377.1600036621094,377.19000244140625,377.19000244140625,622551
2023-11-22 11:00:00,377.19000244140625,378.3599853515625,377.0299987792969,377.8999938964844,377.8999938964844,695498
2023-11-22 11:15:00,377.9100036621094,378.1400146484375,377.2200012207031,378.1199951171875,378.1199951171875,594161
2023-11-22 11:30:00,378.1600036621094,378.489990234375,377.9100036621094,378.3699951171875,378.3699951171875,504954
2023-11-22 11:45:00,378.3699951171875,378.5299987792969,378.0799865722656,378.364990234375,378.364990234375,490713
2023-11-22 12:00:00,378.3699951171875,378.9800109863281,378.2799987792969,378.3982849121094,378.3982849121094,508256
2023-11-22 12:15:00,378.4100036621094,379.0,378.3399963378906,378.67498779296875,378.67498779296875,439612
2023-11-22 12:30:00,378.69000244140625,378.760009765625,378.04998779296875,378.1545104980469,378.1545104980469,471973
2023-11-22 12:45:00,378.1600036621094,378.6000061035156,378.010009765625,378.40008544921875,378.40008544921875,495240
2023-11-22 13:00:00,378.3949890136719,379.2200012207031,378.3399963378906,379.1199951171875,379.1199951171875,564041
2023-11-22 13:15:00,379.1099853515625,379.135009765625,378.5899963378906,378.8500061035156,378.8500061035156,519283
2023-11-22 13:30:00,378.9100036621094,379.1600036621094,378.6449890136719,378.7496032714844,378.7496032714844,430388
2023-11-22 13:45:00,378.7449951171875,378.9700012207031,378.6000061035156,378.7799987792969,378.7799987792969,325488
2023-11-22 14:00:00,378.7699890136719,378.94500732421875,378.2850036621094,378.3800048828125,378.3800048828125,325521
2023-11-22 14:15:00,378.3999938964844,378.739990234375,378.3299865722656,378.69000244140625,378.69000244140625,257769
2023-11-22 14:30:00,378.6499938964844,378.6795959472656,376.8500061035156,377.64581298828125,377.64581298828125,617605
2023-11-22 14:45:00,377.6499938964844,378.1099853515625,377.2200012207031,377.9549865722656,377.9549865722656,517034
2023-11-22 15:00:00,377.95001220703125,378.0072937011719,377.5299987792969,377.7799987792969,377.7799987792969,418299
2023-11-22 15:15:00,377.8299865722656,378.0,377.489990234375,377.95001220703125,377.95001220703125,399558
2023-11-22 15:30:00,377.9399108886719,378.1300048828125,377.601806640625,377.6799011230469,377.6799011230469,537979
2023-11-22 15:45:00,377.67999267578125,378.2900085449219,377.6600036621094,377.8800048828125,377.8800048828125,1080546
2023-11-24 09:30:00,377.3299865722656,377.9700012207031,376.3900146484375,376.5799865722656,376.5799865722656,1495997
2023-11-24 09:45:00,376.625,377.8299865722656,376.5799865722656,377.739990234375,377.739990234375,717381
2023-11-24 10:00:00,377.7699890136719,377.8999938964844,376.4599914550781,376.4800109863281,376.4800109863281,666034
2023-11-24 10:15:00,376.5050048828125,376.75,375.9100036621094,375.989990234375,375.989990234375,700905
2023-11-24 10:30:00,375.9700012207031,376.4479064941406,375.8500061035156,375.8800048828125,375.8800048828125,370300
2023-11-24 10:45:00,375.875,376.0299987792969,375.135009765625,375.7850036621094,375.7850036621094,518998
2023-11-24 11:00:00,375.7900085449219,376.010009765625,375.3800048828125,375.6099853515625,375.6099853515625,459997
2023-11-24 11:15:00,375.82000732421875,376.1400146484375,375.5899963378906,376.1199951171875,376.1199951171875,413208
2023-11-24 11:30:00,376.1000061035156,376.2200012207031,375.6300048828125,376.0799865722656,376.0799865722656,336267
2023-11-24 11:45:00,376.0799865722656,376.7099914550781,376.0799865722656,376.510009765625,376.510009765625,419394
2023-11-24 12:00:00,376.5039978027344,376.75738525390625,376.3399963378906,376.64691162109375,376.64691162109375,356617
2023-11-24 12:15:00,376.6400146484375,376.8500061035156,376.3699951171875,376.7699890136719,376.7699890136719,299576
2023-11-24 12:30:00,376.760009765625,376.8088073730469,376.2300109863281,376.2300109863281,376.2300109863281,272180
2023-11-24 12:45:00,376.2300109863281,376.4800109863281,376.2300109863281,376.4200134277344,376.4200134277344,28612
2023-11-27 09:30:00,376.7799987792969,378.17999267578125,376.20001220703125,377.3699951171875,377.3699951171875,2240696
2023-11-27 09:45:00,377.4100036621094,377.69000244140625,376.5899963378906,377.6300048828125,377.6300048828125,628964
2023-11-27 10:00:00,377.6600036621094,377.94000244140625,377.1199951171875,377.385009765625,377.385009765625,845743
2023-11-27 10:15:00,377.3599853515625,377.4800109863281,376.82000732421875,376.9599914550781,376.9599914550781,546517
2023-11-27 10:30:00,376.9599914550781,377.8599853515625,376.94000244140625,377.3699951171875,377.3699951171875,496268
2023-11-27 10:45:00,377.364990234375,378.1449890136719,377.2799987792969,377.9750061035156,377.9750061035156,491625
2023-11-27 11:00:00,377.95001220703125,377.9549865722656,377.25,377.4200134277344,377.4200134277344,381814
2023-11-27 11:15:00,377.4200134277344,377.7699890136719,377.2799987792969,377.7149963378906,377.7149963378906,486085
2023-11-27 11:30:00,377.70001220703125,378.4100036621094,377.6322937011719,378.0400085449219,378.0400085449219,523579
2023-11-27 11:45:00,378.0199890136719,379.05950927734375,378.0,379.0199890136719,379.0199890136719,583212
2023-11-27 12:00:00,379.0400085449219,379.760009765625,378.94000244140625,379.7049865722656,379.7049865722656,693458
2023-11-27 12:15:00,379.70001220703125,379.9100036621094,379.29998779296875,379.8399963378906,379.8399963378906,618313
2023-11-27 12:30:00,379.8500061035156,380.3500061035156,379.5799865722656,380.1600036621094,380.1600036621094,756741
2023-11-27 12:45:00,380.1600036621094,380.5899963378906,380.1199951171875,380.3504943847656,380.3504943847656,1039909
2023-11-27 13:00:00,380.3599853515625,380.6400146484375,380.25,380.3900146484375,380.3900146484375,466246
2023-11-27 13:15:00,380.3999938964844,380.4100036621094,379.7500915527344,379.9200134277344,379.9200134277344,488355
2023-11-27 13:30:00,379.92999267578125,380.0505065917969,379.5899963378906,379.70001220703125,379.70001220703125,334563
2023-11-27 13:45:00,379.70001220703125,379.9399108886719,379.3900146484375,379.7250061035156,379.7250061035156,358461
2023-11-27 14:00:00,379.7300109863281,379.86749267578125,379.3424072265625,379.45001220703125,379.45001220703125,356035
2023-11-27 14:15:00,379.44500732421875,379.44500732421875,378.9599914550781,379.17999267578125,379.17999267578125,366370
2023-11-27 14:30:00,379.2099914550781,379.29998779296875,378.2300109863281,378.5299987792969,378.5299987792969,476379
2023-11-27 14:45:00,378.5400085449219,379.1227111816406,378.4200134277344,379.1099853515625,379.1099853515625,388804
2023-11-27 15:00:00,379.1099853515625,379.19000244140625,378.6700134277344,378.7300109863281,378.7300109863281,390670
2023-11-27 15:15:00,378.7200012207031,379.04998779296875,378.70001220703125,378.9801025390625,378.9801025390625,402828
2023-11-27 15:30:00,379.0,379.2998962402344,378.8800048828125,379.01220703125,379.01220703125,508672
2023-11-27 15:45:00,378.9910888671875,379.04998779296875,378.3999938964844,378.6050109863281,378.6050109863281,1911068
2023-11-28 09:30:00,379.05999755859375,380.8324890136719,378.1600036621094,380.05999755859375,380.05999755859375,1907387
2023-11-28 09:45:00,380.04998779296875,381.9700012207031,379.9599914550781,380.32000732421875,380.32000732421875,1690568
2023-11-28 10:00:00,380.32989501953125,381.1700134277344,379.9599914550781,380.82000732421875,380.82000732421875,834340
2023-11-28 10:15:00,380.83990478515625,381.95001220703125,380.6000061035156,381.14990234375,381.14990234375,903527
2023-11-28 10:30:00,381.1099853515625,382.7699890136719,380.95001220703125,382.385009765625,382.385009765625,892225
2023-11-28 10:45:00,382.3900146484375,382.4100036621094,380.989990234375,381.7550048828125,381.7550048828125,799378
2023-11-28 11:00:00,381.7900085449219,382.1300048828125,381.2950134277344,381.92999267578125,381.92999267578125,593181
2023-11-28 11:15:00,381.94000244140625,382.6000061035156,381.29998779296875,382.54998779296875,382.54998779296875,493169
2023-11-28 11:30:00,382.54998779296875,383.0,382.5,382.6108093261719,382.6108093261719,537617
2023-11-28 11:45:00,382.5899963378906,382.6099853515625,382.0199890136719,382.30999755859375,382.30999755859375,496350
2023-11-28 12:00:00,382.32000732421875,382.6300048828125,381.92999267578125,382.5863037109375,382.5863037109375,481667
2023-11-28 12:15:00,382.5799865722656,382.760009765625,382.3599853515625,382.3599853515625,382.3599853515625,328008
2023-11-28 12:30:00,382.3599853515625,382.3699951171875,381.3500061035156,381.5198974609375,381.5198974609375,393459
2023-11-28 12:45:00,381.5400085449219,382.0,381.3599853515625,381.9483947753906,381.9483947753906,288386
2023-11-28 13:00:00,381.95001220703125,382.19000244140625,380.79998779296875,381.0400085449219,381.0400085449219,519397
2023-11-28 13:15:00,380.9700012207031,381.45001220703125,380.7200012207031,381.3699951171875,381.3699951171875,447740
2023-11-28 13:30:00,381.37860107421875,381.4549865722656,380.9700012207031,381.010009765625,381.010009765625,350775
2023-11-28 13:45:00,381.0299987792969,381.5,380.9700012207031,381.1300048828125,381.1300048828125,295684
2023-11-28 14:00:00,381.17999267578125,381.5299987792969,380.81658935546875,380.8299865722656,380.8299865722656,370244
2023-11-28 14:15:00,380.80999755859375,381.1499938964844,380.75,380.84991455078125,380.84991455078125,416109
2023-11-28 14:30:00,380.8500061035156,381.44000244140625,380.510009765625,381.2698974609375,381.2698974609375,401236
2023-11-28 14:45:00,381.2699890136719,381.6099853515625,381.05999755859375,381.42010498046875,381.42010498046875,469487
2023-11-28 15:00:00,381.4599914550781,381.6400146484375,381.1700134277344,381.2699890136719,381.2699890136719,373894
2023-11-28 15:15:00,381.25,381.3500061035156,380.7349853515625,380.9049987792969,380.9049987792969,497686
2023-11-28 15:30:00,380.8949890136719,381.14739990234375,380.7799987792969,380.98388671875,380.98388671875,520144
2023-11-28 15:45:00,381.0050048828125,382.760009765625,380.94000244140625,382.70001220703125,382.70001220703125,1890797
2023-11-29 09:30:00,383.3999938964844,383.6199951171875,381.2149963378906,381.8399963378906,381.8399963378906,2689087
2023-11-29 09:45:00,381.8399963378906,382.8999938964844,381.239990234375,381.625,381.625,1515384
2023-11-29 10:00:00,381.6000061035156,381.95001220703125,379.1400146484375,379.69000244140625,379.69000244140625,1814715
2023-11-29 10:15:00,379.6896057128906,379.69000244140625,378.69000244140625,379.2799072265625,379.2799072265625,1333020
2023-11-29 10:30:00,379.2900085449219,379.7699890136719,378.8699951171875,379.3800048828125,379.3800048828125,837604
2023-11-29 10:45:00,379.3599853515625,380.1600036621094,378.98199462890625,379.69000244140625,379.69000244140625,754332
2023-11-29 11:00:00,379.67999267578125,379.7025146484375,378.8299865722656,379.272705078125,379.272705078125,880435
2023-11-29 11:15:00,379.260009765625,379.2900085449219,378.010009765625,378.30999755859375,378.30999755859375,1048153
2023-11-29 11:30:00,378.30999755859375,378.57000732421875,377.44000244140625,378.2449951171875,378.2449951171875,949921
2023-11-29 11:45:00,378.260009765625,378.6449890136719,378.17999267578125,378.4100036621094,378.4100036621094,470637
2023-11-29 12:00:00,378.4100036621094,378.45001220703125,377.79998779296875,377.989990234375,377.989990234375,445334
2023-11-29 12:15:00,377.9901123046875,378.5270080566406,377.75,378.4800109863281,378.4800109863281,436219
2023-11-29 12:30:00,378.4949951171875,378.70001220703125,378.1400146484375,378.6300048828125,378.6300048828125,390400
2023-11-29 12:45:00,378.6200866699219,379.1099853515625,378.54998779296875,379.0899963378906,379.0899963378906,386668
2023-11-29 13:00:00,379.1199951171875,379.46990966796875,378.67999267578125,378.70001220703125,378.70001220703125,477704
2023-11-29 13:15:00,378.69000244140625,379.2900085449219,378.54998779296875,379.25,379.25,336548
2023-11-29 13:30:00,379.260009765625,379.260009765625,378.6700134277344,378.8399963378906,378.8399963378906,449419
2023-11-29 13:45:00,378.8349914550781,379.2200012207031,378.82000732421875,378.9700012207031,378.9700012207031,360893
2023-11-29 14:00:00,378.9599914550781,379.5400085449219,378.69000244140625,379.4800109863281,379.4800109863281,436491
2023-11-29 14:15:00,379.4794006347656,379.69000244140625,379.260009765625,379.6000061035156,379.6000061035156,462118
2023-11-29 14:30:00,379.6000061035156,379.8500061035156,379.260009765625,379.760009765625,379.760009765625,502814
2023-11-29 14:45:00,379.75,380.0159912109375,379.6650085449219,379.8800048828125,379.8800048828125,462015
2023-11-29 15:00:00,379.8999938964844,379.95001220703125,379.260009765625,379.2650146484375,379.2650146484375,554535
2023-11-29 15:15:00,379.2900085449219,379.3800048828125,378.6000061035156,378.7049865722656,378.7049865722656,708241
2023-11-29 15:30:00,378.7149963378906,379.1400146484375,378.6700134277344,379.0299987792969,379.0299987792969,678805
2023-11-29 15:45:00,379.04998779296875,379.3599853515625,378.5400085449219,378.94000244140625,378.94000244140625,1485440
2023-11-30 09:30:00,378.489990234375,380.0899963378906,377.6549987792969,378.6000061035156,378.6000061035156,2016593
2023-11-30 09:45:00,378.6000061035156,379.1300048828125,378.1199951171875,378.57000732421875,378.57000732421875,843228
2023-11-30 10:00:00,378.6099853515625,379.0199890136719,377.4100036621094,378.92999267578125,378.92999267578125,703997
2023-11-30 10:15:00,378.92999267578125,379.4200134277344,378.05999755859375,378.06201171875,378.06201171875,729170
2023-11-30 10:30:00,378.0899963378906,378.79998779296875,377.260009765625,377.69000244140625,377.69000244140625,618713
2023-11-30 10:45:00,377.69000244140625,377.79998779296875,376.68011474609375,377.55999755859375,377.55999755859375,687955
2023-11-30 11:00:00,377.5400085449219,377.7799987792969,376.95001220703125,377.1199951171875,377.1199951171875,582017
2023-11-30 11:15:00,377.1000061035156,377.44000244140625,376.739990234375,376.92999267578125,376.92999267578125,449097
2023-11-30 11:30:00,376.92999267578125,377.1400146484375,376.260009765625,376.3699951171875,376.3699951171875,457239
2023-11-30 11:45:00,376.4100036621094,376.67529296875,376.07000732421875,376.1499938964844,376.1499938964844,505119
2023-11-30 12:00:00,376.17999267578125,376.9700012207031,376.010009765625,376.8500061035156,376.8500061035156,416693
2023-11-30 12:15:00,376.82000732421875,376.82000732421875,376.2699890136719,376.4584045410156,376.4584045410156,346045
2023-11-30 12:30:00,376.4800109863281,377.0199890136719,376.32000732421875,376.9473876953125,376.9473876953125,302305
2023-11-30 12:45:00,376.95001220703125,377.139892578125,376.70001220703125,376.92999267578125,376.92999267578125,291458
2023-11-30 13:00:00,376.92999267578125,377.03619384765625,376.3299865722656,376.3500061035156,376.3500061035156,323718
2023-11-30 13:15:00,376.3800048828125,376.4800109863281,376.0537109375,376.0537109375,376.0537109375,258841
2023-11-30 13:30:00,376.0799865722656,376.54998779296875,375.8500061035156,375.9800109863281,375.9800109863281,380604
2023-11-30 13:45:00,375.9714050292969,376.1700134277344,375.4700012207031,375.7900085449219,375.7900085449219,387575
2023-11-30 14:00:00,375.7900085449219,376.42999267578125,375.760009765625,376.4100036621094,376.4100036621094,345212
2023-11-30 14:15:00,376.4150085449219,376.6000061035156,375.79998779296875,375.8399963378906,375.8399963378906,445671
2023-11-30 14:30:00,375.8599853515625,376.3500061035156,375.7799987792969,376.3299865722656,376.3299865722656,343054
2023-11-30 14:45:00,376.3299865722656,376.7799987792969,376.30999755859375,376.5799865722656,376.5799865722656,447496
2023-11-30 15:00:00,376.6044921875,376.6700134277344,375.92498779296875,376.0400085449219,376.0400085449219,391548
2023-11-30 15:15:00,376.05999755859375,376.139892578125,375.54010009765625,375.8800048828125,375.8800048828125,469797
2023-11-30 15:30:00,375.8900146484375,377.0299987792969,375.74359130859375,377.0199890136719,377.0199890136719,654780
2023-11-30 15:45:00,377.0,379.32000732421875,376.6199951171875,378.739990234375,378.739990234375,3465260
2023-12-01 09:30:00,377.3999938964844,378.1600036621094,375.9800109863281,376.8299865722656,376.8299865722656,1753809
2023-12-01 09:45:00,376.7699890136719,377.06988525390625,375.30999755859375,375.33599853515625,375.33599853515625,1168832
2023-12-01 10:00:00,375.30999755859375,376.4549865722656,373.7900085449219,373.8800048828125,373.8800048828125,1591557
2023-12-01 10:15:00,373.8699951171875,374.3335876464844,372.5199890136719,372.7650146484375,372.7650146484375,1735587
2023-12-01 10:30:00,372.7699890136719,372.8900146484375,371.30999755859375,372.75,372.75,1965211
2023-12-01 10:45:00,372.70001220703125,372.8800048828125,371.760986328125,372.37200927734375,372.37200927734375,1079753
2023-12-01 11:00:00,372.3800048828125,373.1499938964844,371.6700134277344,373.07000732421875,373.07000732421875,1371034
2023-12-01 11:15:00,373.0,373.1199951171875,371.7900085449219,372.29998779296875,372.29998779296875,970626
2023-12-01 11:30:00,372.30499267578125,373.20001220703125,371.5299987792969,372.8599853515625,372.8599853515625,1247666
2023-12-01 11:45:00,372.8599853515625,373.3800048828125,372.4800109863281,373.1400146484375,373.1400146484375,962960
2023-12-01 12:00:00,373.1300048828125,373.2200012207031,372.3299865722656,372.8599853515625,372.8599853515625,783882
2023-12-01 12:15:00,372.8599853515625,373.54840087890625,372.25,373.489990234375,373.489990234375,742466
2023-12-01 12:30:00,373.4801025390625,374.3599853515625,373.3599853515625,374.32000732421875,374.32000732421875,759020
2023-12-01 12:45:00,374.29998779296875,375.29998779296875,374.2200012207031,374.6600036621094,374.6600036621094,1014421
2023-12-01 13:00:00,374.64739990234375,374.8456115722656,373.70001220703125,373.8599853515625,373.8599853515625,684124
2023-12-01 13:15:00,373.8800048828125,374.19000244140625,373.3299865722656,373.44000244140625,373.44000244140625,583835
2023-12-01 13:30:00,373.44000244140625,373.739990234375,372.9100036621094,373.42999267578125,373.42999267578125,795250
2023-12-01 13:45:00,373.4200134277344,373.7090148925781,372.8299865722656,373.0899963378906,373.0899963378906,500460
2023-12-01 14:00:00,373.0899963378906,373.75,372.79998779296875,373.6600036621094,373.6600036621094,655806
2023-12-01 14:15:00,373.6600036621094,374.54998779296875,373.55999755859375,374.3599853515625,374.3599853515625,585940
2023-12-01 14:30:00,374.385009765625,374.8999938964844,374.2699890136719,374.639892578125,374.639892578125,506597
2023-12-01 14:45:00,374.6300048828125,375.2799987792969,374.25,375.1700134277344,375.1700134277344,613716
2023-12-01 15:00:00,375.154296875,375.57989501953125,374.6300048828125,375.2699890136719,375.2699890136719,652433
2023-12-01 15:15:00,375.260009765625,375.2799987792969,374.7799987792969,375.0400085449219,375.0400085449219,543167
2023-12-01 15:30:00,375.0375061035156,375.1400146484375,374.4100036621094,374.4200134277344,374.4200134277344,710852
2023-12-01 15:45:00,374.4100036621094,374.9100036621094,373.70001220703125,374.44000244140625,374.44000244140625,2317125
2023-12-04 09:30:00,369.1000061035156,369.29998779296875,365.53009033203125,365.7799987792969,365.7799987792969,4547394
2023-12-04 09:45:00,365.7699890136719,366.20001220703125,363.67999267578125,365.0199890136719,365.0199890136719,2643241
2023-12-04 10:00:00,365.0199890136719,366.39990234375,364.760009765625,365.1000061035156,365.1000061035156,1499294
2023-12-04 10:15:00,365.1300048828125,365.25,363.0679931640625,363.6400146484375,363.6400146484375,1688133
2023-12-04 10:30:00,363.6099853515625,364.5400085449219,363.1000061035156,364.010009765625,364.010009765625,1242992
2023-12-04 10:45:00,364.0199890136719,364.8900146484375,362.8999938964844,364.44000244140625,364.44000244140625,1309186
2023-12-04 11:00:00,364.44000244140625,364.94000244140625,363.95001220703125,364.4800109863281,364.4800109863281,800844
2023-12-04 11:15:00,364.4599914550781,365.8599853515625,364.2200012207031,365.7099914550781,365.7099914550781,867011
2023-12-04 11:30:00,365.7101135253906,366.5199890136719,365.57769775390625,366.1400146484375,366.1400146484375,628218
2023-12-04 11:45:00,366.1600036621094,367.989990234375,366.1600036621094,367.7698974609375,367.7698974609375,921598
2023-12-04 12:00:00,367.7699890136719,368.30999755859375,367.17999267578125,368.07000732421875,368.07000732421875,809534
2023-12-04 12:15:00,368.07000732421875,368.6000061035156,368.010009765625,368.2049865722656,368.2049865722656,681675
2023-12-04 12:30:00,368.20001220703125,369.239990234375,368.010009765625,369.20001220703125,369.20001220703125,717802
2023-12-04 12:45:00,369.17999267578125,369.2650146484375,368.80999755859375,369.1700134277344,369.1700134277344,531877
2023-12-04 13:00:00,369.17999267578125,369.3999938964844,368.9247131347656,369.1700134277344,369.1700134277344,493440
2023-12-04 13:15:00,369.1600036621094,369.45989990234375,368.3330078125,368.3702087402344,368.3702087402344,626715
2023-12-04 13:30:00,368.3699951171875,368.9783935546875,368.260009765625,368.4649963378906,368.4649963378906,450331
2023-12-04 13:45:00,368.4599914550781,368.67401123046875,368.2799987792969,368.32000732421875,368.32000732421875,355334
2023-12-04 14:00:00,368.3399963378906,368.4200134277344,367.32000732421875,367.8699951171875,367.8699951171875,778441
2023-12-04 14:15:00,367.864990234375,368.2449951171875,367.8599853515625,368.1400146484375,368.1400146484375,384240
2023-12-04 14:30:00,368.1499938964844,368.7099914550781,368.0799865722656,368.25,368.25,446755
2023-12-04 14:45:00,368.2427062988281,368.3699951171875,367.8800048828125,367.9100036621094,367.9100036621094,342272
2023-12-04 15:00:00,367.9100036621094,368.1499938964844,367.5238952636719,367.5799865722656,367.5799865722656,535121
2023-12-04 15:15:00,367.5799865722656,368.71728515625,367.54998779296875,368.71728515625,368.71728515625,602074
2023-12-04 15:30:00,368.71661376953125,369.3487854003906,368.54998779296875,369.25,369.25,806109
2023-12-04 15:45:00,369.2301025390625,369.5199890136719,368.79998779296875,369.2699890136719,369.2699890136719,2416572
2023-12-05 09:30:00,366.45001220703125,369.84100341796875,365.6210021972656,369.8299865722656,369.8299865722656,2476089
2023-12-05 09:45:00,369.82000732421875,370.05999755859375,368.5899963378906,369.760009765625,369.760009765625,888986
2023-12-05 10:00:00,369.70001220703125,371.20001220703125,369.2099914550781,369.69000244140625,369.69000244140625,1288834
2023-12-05 10:15:00,369.6600036621094,371.4100036621094,369.6600036621094,370.5447082519531,370.5447082519531,771890
2023-12-05 10:30:00,370.6000061035156,371.8393859863281,370.3301086425781,371.760009765625,371.760009765625,866713
2023-12-05 10:45:00,371.760009765625,373.07501220703125,371.72589111328125,371.7900085449219,371.7900085449219,1090898
2023-12-05 11:00:00,371.7850036621094,373.07501220703125,371.4700012207031,371.9923095703125,371.9923095703125,905039
2023-12-05 11:15:00,372.0,372.0,370.3900146484375,370.760009765625,370.760009765625,763064
2023-12-05 11:30:00,370.7900085449219,371.3599853515625,370.30999755859375,370.4750061035156,370.4750061035156,501444
2023-12-05 11:45:00,370.4501037597656,370.94000244140625,369.3599853515625,370.6600036621094,370.6600036621094,735404
2023-12-05 12:00:00,370.67999267578125,371.5199890136719,370.67999267578125,371.3247985839844,371.3247985839844,456308
2023-12-05 12:15:00,371.29998779296875,371.8399963378906,370.95001220703125,371.7937927246094,371.7937927246094,378050
2023-12-05 12:30:00,371.7799987792969,372.07000732421875,370.9100036621094,371.2099914550781,371.2099914550781,385779
2023-12-05 12:45:00,371.19000244140625,371.79998779296875,370.50030517578125,371.7694091796875,371.7694091796875,350591
2023-12-05 13:00:00,371.7799987792969,372.9800109863281,371.07000732421875,371.3399963378906,371.3399963378906,1303292
2023-12-05 13:15:00,371.32000732421875,372.0899963378906,371.2200012207031,371.7200012207031,371.7200012207031,372826
2023-12-05 13:30:00,371.75,372.0299987792969,371.3999938964844,371.840087890625,371.840087890625,368496
2023-12-05 13:45:00,371.8800048828125,371.92999267578125,371.3999938964844,371.7349853515625,371.7349853515625,329372
2023-12-05 14:00:00,371.7250061035156,371.75,370.830810546875,371.67010498046875,371.67010498046875,401840
2023-12-05 14:15:00,371.6650085449219,372.2349853515625,371.6199951171875,372.0299987792969,372.0299987792969,298925
2023-12-05 14:30:00,372.04998779296875,372.1000061035156,371.0801086425781,371.2300109863281,371.2300109863281,358937
2023-12-05 14:45:00,371.23291015625,372.260009765625,371.23291015625,372.2242126464844,372.2242126464844,316900
2023-12-05 15:00:00,372.2300109863281,372.4700012207031,372.0129089355469,372.3826904296875,372.3826904296875,400449
2023-12-05 15:15:00,372.31500244140625,372.58599853515625,372.1600036621094,372.3900146484375,372.3900146484375,435297
2023-12-05 15:30:00,372.3999938964844,372.4649963378906,371.94000244140625,371.9800109863281,371.9800109863281,553969
2023-12-05 15:45:00,371.9649963378906,372.6300048828125,371.8299865722656,372.57000732421875,372.57000732421875,2332414
2023-12-06 09:30:00,373.5400085449219,374.17999267578125,372.0400085449219,372.5199890136719,372.5199890136719,1896770
2023-12-06 09:45:00,372.57000732421875,372.9599914550781,371.489990234375,371.79998779296875,371.79998779296875,870223
2023-12-06 10:00:00,371.7300109863281,371.7950134277344,369.96600341796875,371.3599853515625,371.3599853515625,1129202
2023-12-06 10:15:00,371.3500061035156,371.9267883300781,368.6700134277344,370.04998779296875,370.04998779296875,1143559
2023-12-06 10:30:00,370.0799865722656,370.95001220703125,370.0299987792969,370.6499938964844,370.6499938964844,691502
2023-12-06 10:45:00,370.6499938964844,371.4700012207031,370.2099914550781,371.44000244140625,371.44000244140625,671033
2023-12-06 11:00:00,371.4413146972656,371.54998779296875,370.8299865722656,371.0199890136719,371.0199890136719,301875
